bitrate_Mbit,psnr_dB,ssim,lpips,qp,label_or_folder
3.643864,31.419621,0.910957,0.26040959999999996,44,qp44
2.458328,31.031796999999994,0.9041126,0.2759728,50,qp50
1.583728,30.5952872,0.8966835999999999,0.2971646,56,qp56
0.673648,29.3270314,0.8648648,0.356761,62,qp62
