bitrate_Mbit,psnr_dB,qp,label_or_folder
0.153625,30.490505,24,qp24
0.241827,31.558064,36,qp36
0.370118,32.237495,48,qp48
