bitrate_Mbit,psnr_dB,qp,label_or_folder
0.539411,28.00955,20,qp20
0.81405,29.275599,40,qp40
1.062805,29.798164,60,qp60
