bitrate_Mbit,psnr_dB,level,label_or_folder
51.266424,31.631966600000005,12,crf12
3.820704,31.104440399999998,28,crf28
0.460576,27.771800000000002,44,crf44
