bitrate_Mbit,psnr_dB,qp,label_or_folder
0.171903,30.204788,24,qp24
0.304754,31.302067,36,qp36
0.508279,32.065567,48,qp48
