bitrate_Mbit,psnr_dB,qp,label_or_folder
0.602397,30.729704,20,qp20
0.902352,31.248533,40,qp40
1.176944,31.772997,60,qp60
