bitrate_Mbit,psnr_dB,qp,label_or_folder
0.115434,30.265854,24,qp24
0.181057,31.316563,36,qp36
0.282852,31.946888,48,qp48
