bitrate_Mbit,psnr_dB,qp,label_or_folder
1.055832,31.317669,20,qp20
1.569637,31.831186,40,qp40
2.031088,32.238853,60,qp60
