bitrate_Mbit,psnr_dB,level,label_or_folder
13.659104,31.508654,12,crf12
5.634056,31.214038699999996,28,crf28
1.834376,29.351877899999998,44,crf44
