bitrate_Mbit,psnr_dB,qp,label_or_folder
0.233474,30.674458,24,qp24
0.437991,31.562775,36,qp36
0.771865,32.304348,48,qp48
