bitrate_Mbit,psnr_dB,level,label_or_folder
18.775824,31.466986399999996,12,crf12
2.749528,29.336274500000002,28,crf28
0.384088,22.7065586,44,crf44
