bitrate_Mbit,psnr_dB,ssim,lpips,qp,label_or_folder
4.349944,31.278894200000003,0.9107571999999999,0.26367140000000006,38,qp38
2.858888,30.6084742,0.8974401999999999,0.2905906,44,qp44
1.884096,29.559218000000005,0.8743836,0.3258656,50,qp50
1.119656,27.898652600000002,0.8364217999999999,0.38763000000000003,56,qp56
0.471728,24.713023200000002,0.7644028,0.47587419999999997,62,qp62
