bitrate_Mbit,psnr_dB,qp,label_or_folder
5.482272,25.039684,10,qp10
8.681576,27.250431,20,qp20
14.185432,29.354364,40,qp40
19.01204,30.269478,60,qp60
28.40112,31.128578,80,qp80
