bitrate_Mbit,psnr_dB,qp,label_or_folder
0.957199,29.90608,20,qp20
1.428007,31.118992,40,qp40
1.848153,31.615871,60,qp60
