bitrate_Mbit,psnr_dB,level,label_or_folder
19.857064,31.5784895,12,crf12
6.667456,31.5265833,28,crf28
2.758392,31.244935500000004,44,crf44
